,title,Контент,post_url,publishing_date,category
3,"Банк «Открытие»: 53% жителей ПФО надеются, что 2023 год будет для них лучше, чем 2022-й","Большинство жителей округа намерены экономить деньги и копить их в 2023 году. 70% не планируют брать кредиты. 53% надеются, что их личный 2023 год окажется лучше 2022-го.",https://pg12.ru/companies/70895,"Wed, 21 Dec 22 10:12:00 +0300",Новости компаний
16,Какие новые госпошлины на автомобили появятся в 2023 году,"
Какие новые госпошлины на автомобили появятся в 2023 году С 1 января 2023 года введут 3 новых государственных пошлин на автомобили и иные виды транспорта. Также одну действующую увеличат почти в 2 раза. Об этом сообщает пресс-служба ГИБДД МВД по Республике Марий Эл. Новые виды государственные пошлины устанавливаются при: выдаче разрешения на внесение изменений в конструкцию находящегося в эксплуатации колесного транспортного средства - 1000 рублей; выдаче свидетельства о допуске транспортных средств к перевозке транспортных средств к перевозке опасных грузов: за выдачу - 1500 рублей; за продление срока действия ранее выданного свидетельства - 1000 рублей: выдаче свидетельства о соответствии транспортного средства с внесенными в его конструкцию изменениями требованиям безопасности - 1500 рублей. Оплачивать государственные пошлины можно как в офисах банков, так и через терминальные устройства. Их можно найти в многофункциональных центрах.",https://pg12.ru/news/70880,"Tue, 20 Dec 22 16:35:00 +0300",Новости
50,За неделю в Марий Эл с банковских карт похищено более 70 тысяч рублей,За прошлую неделю в Марий Эл зафиксировано пять краж с банковских счетов на общую сумму более 70 тысяч рублей.,https://www.marimedia.ru/news/crime/item/144128/,"Tue, 20 Dec 2022 15:11:00 +0300",Происшествия
74,Где оформить кредит по низкой ставке в октябре 2022 года: собрали 10 банков,"Средний размер потребительского кредита в августе 2022 года составил 249 тысяч рублей, подсчитали аналитики Frank RG. По данным Национальное бюро кредитных историй (НБКИ), средний размер потребительского кредита в этом августе составил 269,3 тысячи рублей. Именно на эти суммы мы ориентировались при отборе продуктов в новый рейтинг кредитов наличными Bankiros.ru. При отборе кредитных программ мы также",https://federalnews.press/2022/10/18/%d0%b3%d0%b4%d0%b5-%d0%be%d1%84%d0%be%d1%80%d0%bc%d0%b8%d1%82%d1%8c-%d0%ba%d1%80%d0%b5%d0%b4%d0%b8%d1%82-%d0%bf%d0%be-%d0%bd%d0%b8%d0%b7%d0%ba%d0%be%d0%b9-%d1%81%d1%82%d0%b0%d0%b2%d0%ba%d0%b5-%d0%b2/,"Tue, 18 Oct 2022 07:07:00 +0000",ГЛАВНОЕ
76,Недвижимость осталась высоко доходным инструментом в условиях турбулентности,"С начала 2020 года недвижимость показала самую высокую доходность среди популярных у россиян способов сохранения сбережений. К такому выводу пришли специалисты компании UDS на основании расчёта эффективности наиболее распространенных инструментов вложения и хранения денег в ретроспективе 33 месяцев, начиная с 1 января 2020 года. Цифры продемонстрировали, что остаться «в плюсе» можно было только, вкладывая средства",https://federalnews.press/2022/10/17/%d0%bd%d0%b5%d0%b4%d0%b2%d0%b8%d0%b6%d0%b8%d0%bc%d0%be%d1%81%d1%82%d1%8c-%d0%be%d1%81%d1%82%d0%b0%d0%bb%d0%b0%d1%81%d1%8c-%d0%b2%d1%8b%d1%81%d0%be%d0%ba%d0%be-%d0%b4%d0%be%d1%85%d0%be%d0%b4%d0%bd/,"Mon, 17 Oct 2022 20:07:13 +0000",Последние события
86,"Йошкар-Ола попала в ТОП-5 городов, которые стоит посетить!","Блог &quot;Путешествия по России&quot; внес Йошкар-Олу в ТОП городов, рекомендованных для посещения в 2023 году. Авторы блога называют столицу Марий Эл &quot;кусочком средневековой Европы&quot;. В частности, для посещения рекомендованы Царевококшайский Кремль, Спасская башня, Кафедральный Собор и многие другие городские достопримечательности.",http://i-ola.ru/about/info/news/39714/,"Tue, 20 Dec 2022 00:00:00 +0300",не указана
87,Участились случаи мошенничества по телефону,"На прошлой неделе 6 жителей республики поверили в «легенду», что якобы на их имя оформлен кредит, и перечислили около 3 млн руб. лжесотрудникам банка.
МВД по Республике Марий Эл призывает граждан крайне скептически относиться к любой информации о возможных угрозах краж с банковских карт.",http://i-ola.ru/about/info/news/39713/,"Tue, 20 Dec 2022 00:00:00 +0300",не указана
104,Красноярский край стал лидером по количеству занимающихся северной ходьбой в 2022 году,"В Москве прошло заседание Добровольного физкультурного союза граждан и организаций в сфере популяризации физической культуры и развития массового спорта. На заседании обсудили вопросы популяризации северной ходьбы в регионах страны, а также вручили награды спортивным активистам и регионам – лидерам Всероссийского проекта «Северная ходьба – новый образ жизни».


 


Своё приветственное слово участникам заседания направил заместитель Министра спорта Российской Федерации Одес Байсултанов: «Северная ходьба уже по праву заняла особое место в жизни тех, кто хочет быть активным и здоровым! Проект «Северная ходьба – новый образ жизни» объединяет трудовые коллективы в дружные спортивные команды, которые под руководством профессиональных тренеров постигают азы северной ходьбы и соревнуются между собой. Проект является одним из самых масштабных по географическому охвату, который реализуется в рамках федерального проекта «Спорт – норма жизни» национального проекта «Демография» при грантовой поддержке Минспорта России».


 


В заседании приняли участие чемпионка мира и Европы, призёр Олимпийских игр, член Общественного совета при Минспорте России Ирина Слуцкая, директор Департамента физической культуры и массового спорта Минспорта России Максим Уразов, член Президиума, председатель Комитета по северной ходьбе Федерации спортивного туризма России Александр Минаев, руководители ряда региональных министерств спорта.


 


Проект «Северная ходьба – новый образ жизни» реализовывался с июля по ноябрь 2022 года в 43 субъектах Российской Федерации. В этом году количество вовлеченных в занятия северной ходьбой составило около 15000 человек. Лидером в 2022 году стал Красноярский край, вторыми – представители Алтайского края и Пермского края, замкнула тройку Ярославская область.


 


«В диалоге с представителями организации удается создавать новые форматы отраслевого регулирования, разрабатывать профильные меры поддержки, формировать необходимые регламенты. В частности, в 2021 году в федеральном законе о физической культуре и спорте появился термин физкультурно-оздоровительная услуга, а с 2022 года для граждан введен социальный налоговый вычет за расходы на физкультурно-оздоровительные услуги. Идёт планомерная работа, которая направлена на достижение целевых показателей, установленных федеральным проектом «Спорт – норма жизни», входящим в национальный проект «Демография» – к 2030 году увеличить количество систематически занимающихся физической культурой и спортом жителей России до 70%», – отметил Максим Уразов.


 


Он также подчеркнул, что Министерство спорта продолжит защищать интересы тех, кто ведёт легальный открытый бизнес, обеспечивающий безопасность для потребителя и акцентирующий внимание на квалифицированной подготовке собственных кадровых ресурсов.


 


Ирина Слуцкая сказала в свою очередь: «Уверена, то наследие, которое оставляет наш проект в регионах – это закупленный в рамках гранта инвентарь, подготовленные инструкторы, судьи, накопленный опыт организаторской работы по проведению соревнований – позволит продолжить активную работу на местах в целях дальнейшей плодотворной работы по развитию северной ходьбы».


 



 

Пресс-служба Минспорта России
",https://www.minsport.gov.ru/press-centre/news/38269/,"Mon, 19 Dec 2022 12:00:00 +0300",Новости
105,"Олег Матыцин: «Делаем всё возможное, чтобы российские спортсмены достойно вернулись в мировой спорт»","Министр спорта Российской Федерации Олег Матыцин – о прекращении действия санкций CAS, наложенных на российский спорт в 2020 году.


 


«Действие санкций CAS завершено, все ограничения в отношении российских спортсменов по этому решению сняты. Об этом WADA официально проинформировало все заинтересованные стороны официальным письмом.


 


Мы надеемся и делаем всё возможное, чтобы российские спортсмены достойно вернулись в мировой спорт и могли выступать под российским флагом и гимном.


 


На время действия санкций российская сторона полностью имплементировала решение CAS, в том числе по выполнению финансовых обязательств.


 


Итоги недавнего олимпийского саммита в Лозанне подтверждают, что эффективный диалог – единственный выход из сложившейся ситуации. Наша страна неоднократно подтверждала статус надежного партнера, демонстрируя высочайший уровень проведения крупных спортивных мероприятий и обеспечивая серьезную конкуренцию спортсменам на Олимпийских играх и чемпионатах мира.


 


В России сейчас действует одна из самых эффективных систем по предотвращению допинга в спорте, российское антидопинговое законодательство полностью соответствует Конвенции. Этот факт неоднократно подтверждался ЮНЕСКО и Советом Европы.


 


Основная идея и миссия мирового спорта – объединение людей и стран, недопущение политизации и дискриминации. Мы всегда были верны этим принципами и дальше будем им следовать», – отметил Министр.


 



 


Пресс-служба Минспорта России",https://www.minsport.gov.ru/press-centre/news/38270/,"Sat, 17 Dec 2022 15:00:00 +0300",Новости
110,В Москве названы лауреаты Национальной спортивной премии за 2022 год: лучшими спортсменами признаны Александр Большунов и Анна Щербакова,"14 декабря в столице состоялась торжественная церемония награждения лауреатов Национальной спортивной премии за 2022 год. Мероприятие прошло во Дворце гимнастики Ирины Винер-Усмановой. Участниками и гостями церемонии стали ведущие спортсмены страны, легенды отечественного спорта, руководители общероссийских спортивных федераций, известные деятели искусства.
 
 
 
 В адрес номинантов и гостей мероприятия было озвучено приветственное слово Президента Российской Федерации Владимира Путина. Его зачитал Помощник Президента Российской Федерации Игорь Левитин. В приветствии главы государства говорится: 
 
 
 
 
 
«Рад приветствовать вас на торжественной церемонии вручения Национальной спортивной премии. 
 
 
 
 Лауреаты этой почётной награды – выдающиеся атлеты и тренеры, представители федераций и средств массовой информации – яркие, неординарные, талантливые люди, которые многое сделали для развития отечественного спорта и укрепления его победных традиций. Своими успехами и достижениями они задают молодёжи высокую профессиональную планку и чёткие жизненные ориентиры, являются примером трудолюбия, целеустремлённости, преданности делу, вдохновляют юношей и девушек на покорение новых вершин – и в спорте, и в других сферах деятельности. 
 
 
 
 Отмечу, что государство и впредь будет поддерживать значимые, востребованные инициативы, направленные на продвижение в обществе ценностей физической культуры, активного и здорового образа жизни, совершенствование спортивной инфраструктуры во всех регионах нашей необъятной страны».
 
 
 
 Национальная спортивная премия учреждена постановлением Правительства Российской Федерации от 1 июля 2010 года № 493 в целях стимулирования профессиональной деятельности спортсменов, тренеров и специалистов в области физической культуры и спорта. 
 
 
 
 Министр спорта Российской Федерации Олег Матыцин поблагодарил Президента и Правительство Российской Федерации, Олимпийский и Паралимпийский комитеты России, спортивные федерации и регионы страны за совместную работу. 
 
 
 
 «Благодарю коллег за то, что мы с гордо поднятой головой пришли к сегодняшнему дню и можем чествовать победителей в различных номинациях, ещё раз доказывая всему миру, а самое главное, себе, гражданам нашей великой страны, что мы мощная держава, самодостаточная страна, и мы будем продолжать устанавливать стандарты для развития и российского, и международного спорта», – сказал Министр. 
 
 
 
 Олег Матыцин также отметил, что Национальная спортивная премия – это символ уважения и признательности всем людям, которые работают в спорте, а также великому спортивному прошлому страны. 
 
 
 
 «Особенно важно быть вместе и гордиться нашими успехами и нашим великим прошлым в это непростое время. Мы его достойно проживаем, мы с уважением относимся к нашим коллегам, продолжаем диалог о том, чтобы российский спорт восстановил свои позиции в мировом спорте, потому что понимаем, что без российского спорта развитие мирового спорта невозможно. Это ещё раз подтвердил саммит, который прошел несколько дней назад в Лозанне, и уже слышны разумные голоса. Мы верим, надеемся, что обязательно восстановим наше участие во всех международных соревнованиях. Этого хотим не только мы, этого хотят все наши друзья во всех международных организациях», – отметил Олег Матыцин. 
 
 
 
 Он также поздравил всех победителей премии: «Мы гордимся, что мы вместе. Благодарю номинантов и всех тех, благодаря кому эти достижения стали возможны». 
 
 
 
 По итогам работы конкурсных комиссий всероссийских конкурсов в сфере физической культуры и спорта и Экспертного совета были названы победители в 18 категориях в 11 номинациях. Лауреаты получат премию в 1 млн рублей. 
 
 
 
 Лауреатами Национальной спортивной премии 2022 года стали: 
 
 
 
 
 
Номинация «Гордость России» 
 
 
 
 
 
Категория «Спортсменка года» 
 
 Анна Щербакова (фигурное катание) – чемпионка XXIV Олимпийских зимних игр 2022 года в Пекине. 
 
 
 
 
 
Категория «Спортсмен года» 
 
 Александр Большунов (лыжные гонки) – трёхкратный олимпийский чемпион, серебряный и бронзовый призёр XXIV Олимпийских зимних игр 2022 года в Пекине. 
 
 
 
 
 
Категория «Тренер года» 
 
 Елена Вяльбе – главный тренер сборной команды России по лыжным гонкам, президент Федерации лыжных гонок России. На Играх в Пекине 2022 российские спортсмены под руководством Елены Вяльбе завоевали четыре золотые, четыре серебряные и три бронзовые медали. Стаж работы в области физической культуры и спорта – 27 лет. 
 
 
 
 Номинация «Надежда России» 
 
 
 
 
 
Категория «Лучшая спортивная школа» 
 
 Муниципальное бюджетное учреждение «Спортивная школа олимпийского резерва по водному поло» города Казани, Республика Татарстан. 
 
 
 
 
 
Категория «Лучшая организация адаптивного спорта» 
 
 Государственное автономное учреждение Свердловской области «Центр адаптивного спорта «Родник». Численность занимающихся адаптивными видами спорта в ЦАС «Родник» в 2022 году составила 633 человека. 
 
 На Паралимпийских летних играх Токио 2020 отличились спортсмены центра: Михаил Асташов (велоспорт лиц с ПОДА) завоевал две золотые медали, Вячеслав Емельянцев (плавание, спорт ЛИН) – серебряную и бронзовую медали, команда по волейболу сидя стала серебряным призёром. 
 
 
 
 
 
Номинация «Эпоха в спорте» (за вклад в развитие спорта) 
 
 
 
 
 
Категория «За многие годы работы на благо развития спорта в стране» 
 
 Татьяна Анатольевна Тарасова – заслуженный тренер СССР и России по фигурному катанию. С 2005 года по настоящее время является старшим тренером спортивной сборной команды Российской Федерации по фигурному катанию на коньках. Среди её учеников – более 10 олимпийских чемпионов. Стаж работы в области физической культуры и спорта – 55 лет. 
 
 
 
 Номинация «Спортивный парнас» (за вклад в пропаганду физической культуры, спорта и здорового образа жизни) 
 
 
 
 
 
Категория «Лучший журналист» 
 
 Дмитрий Занин – специальный корреспондент телеканала «Матч ТВ»
 
 
 
 Категория «Лучшая спортивная печатная и медиапродукция» 
 
 Спортивная редакция Матч ТВ 
 
 
 
 Номинация «Преодоление» (за вклад в развитие адаптивного спорта) 
 
 
 
 
 
Категория «Лучший спортсмен» 
 
 Иван Голубков – многократный чемпион мира по зимним видам спорта 2022 года в лыжных гонках и биатлоне спорта лиц с ПОДА и Зимних Игр Паралимпийцев «Мы вместе. Спорт».
 
 
 
 Категория «Лучшая спортсменка» 
 
 Варвара Ворончихина – двукратная чемпионка мира по зимним видам спорта 2022 года в горнолыжном спорте лиц с ПОДА и победительница Зимних Игр Паралимпийцев «Мы вместе. Спорт». 
 
 
 
 Категория «Лучший тренер» 
 
 Ирина Громова – старший тренер сборной команды России по лыжным гонкам и биатлону спорта лиц с ПОДА, заслуженный тренер России. Под её руководством российская команда спорта лиц с ПОДА заняла первое общекомандное место на Чемпионате мира по зимним видам спорта (лыжные гонки, биатлон) 2022 года. 
 
 
 
 Номинация «Спортивный объект России» 
 
 
 
 
 
Категория «Лучший объект спорта» 
 
 Ледовый дворец «Кузбасс», Кемерово 
 
 
 
 
 
Номинация «Комплекс ГТО – путь к здоровью и успеху»
 
 
 
 Категория «Лучшая организация по внедрению Всероссийского физкультурно-спортивного комплекса «Готов к труду и обороне» (ГТО)» 
 
 МБУ Городского округа Кинель Самарской области «Спортивный Центр Кинель» 
 
 
 
 Номинация «Спорт для всех»
 
 
 
 Категория «Лучший организатор физкультурно-спортивной работы в сельской местности» 
 
 Алексей Шишков (с. Быков Отрог, Балаковский район, Саратовская область). Реализует проект «ДРОЗД-Село», благодаря которому в сельских поселениях создается необходимая спортивная инфраструктура, открываются секции по различным спортивным направлениям, проводятся спортивно-массовые мероприятия, появилась возможность трудоустройства специалистов в области физической культуры и спорта. Общий охват детей и жителей сельских поселений, которые благодаря проекту «ДРОЗД-Село» стали заниматься спортом, составляет более 1000 человек. 
 
 
 
 
 
Категория «Лучший организатор физкультурно-спортивной работы по месту жительства, работы» 
 
 Александра Магомаева (г. Зея, Амурская область). Проводит с различными категориями населения соревнования по отдельным видам спорта, спортивно-развлекательные программы, конкурсы, акции. Принимает участие в городских соревнованиях по бадминтону, спортивному туризму и спортивному ориентированию, ночному автоориентированию, гандболу, волейболу. 
 
 
 
 Номинация «За служение спорту»
 
 
 
 Категория «За вклад в развитие физической культуры и спорта» 
 
 Михаил Петрович Лагутин – заслуженный врач Российской Федерации, доцент, кандидат медицинских наук, врач высшей категории по спортивной медицине и лечебной физкультуре Волгоградской государственной академии физической культуры и Федерального научно-клинического центра ФМБА России. На протяжении 25 лет обеспечивает медицинское сопровождение тренировочной и соревновательной деятельности российских спортсменов при подготовке к участию в Олимпийских, Паралимпийских, Сурдлимпийских играх, чемпионатах мира и Европы. Врачебный стаж – 36 лет. 
 
 
 
 Номинация «Спортивная солидарность»
 
 
 
 Категория «За укрепление международных спортивных отношений» 
 
 Софья Великая – двукратная олимпийская чемпионка, трёхкратный серебряный призёр Олимпийских игр по фехтованию (сабля), обладательница 23 медалей чемпионатов Европы и 15 медалей чемпионатов мира. Председатель Комиссии спортсменов Олимпийского комитета России. 
 
 
 
 Номинация «Регион России (за вклад в развитие спорта): лучший субъект Российской Федерации»
 
 
 
 Категория «Лучший субъект Российской Федерации» 
 
 Приморский край. В регионе доля населения, систематически занимающегося физической культурой и спортом, в общей численности населения в возрасте от 3 до 79 лет составила 51,5 %. Уровень обеспеченности населения спортивными сооружениями, исходя из единовременной пропускной способности объектов спорта, составил 45,7 %. 
 
 
 
 Награды лауреатам Национальной спортивной премии вручили: Помощник Президента Российской Федерации Игорь Левитин, Министр спорта Российской Федерации Олег Матыцин; трёхкратный олимпийский чемпион по хоккею, президент Федерации хоккея России Владислав Третьяк; трёхкратный олимпийский чемпион по греко-римской борьбе, депутат Государственной Думы Александр Карелин; почётный член Международного олимпийского комитета Виталий Смирнов; семикратная олимпийская чемпионка по синхронному плаванию Светлана Ромашина; председатель Комитета Государственной Думы по физической культуре и спорту Дмитрий Свищев; 13-кратная паралимпийская чемпионка, депутат Государственной Думы Рима Баталова; двукратная олимпийская чемпионка по спортивной гимнастике Светлана Хоркина; олимпийская чемпионка по конькобежному спорту, депутат Государственной Думы Светлана Журова; двукратная чемпионка мира по фигурному катанию, председатель президиума Добровольного физкультурного союза Ирина Слуцкая; президент Паралимпийского комитета России Павел Рожков; олимпийский чемпион по вольной борьбе, президент Российского союза спортсменов Давид Мусульбес; пилот «Формулы-1», основатель Благотворительного фонда «Мы выступаем как один» Никита Мазепин; заместитель руководителя Департамента розничного бизнеса – вице-президент Банка ВТБ Евгений Дячкин; заместитель генерального директора многопрофильного российского холдинга S8.Capital Екатерина Тутон. 
 
 
 
 В рамках мероприятия состоялось вручение государственных наград. Игорь Левитин вручил орден Почёта первому вице-президенту Федерации спортивной борьбы России Омару Муртузалиеву. Благодарность Президента Российской Федерации была объявлена  старшему тренеру спортивной сборной команды Российской Федерации по паралимпийским видам спорта (лыжные гонки, биатлон) Ирине Громовой.
 
 
 
 В рамках церемонии был вручён специальный приз «Столото». В этом году на Международном спортивном форуме «Россия – спортивная держава» в Кемерове на стенде крупнейшего распространителя всероссийских государственных лотерей «Столото» прошло народное голосование – любой желающий мог в специальной диджитал-зоне проголосовать за лучшего спортсмена, выступившего на Всероссийской спартакиаде по летним видам спорта среди сильнейших спортсменов. Гости и участники форума выбирали из более 60 спортсменов. Большинство голосов было отдано за Наталью Суворову – члена женской сборной России по велоспорту BMX. 
 
 
 
 Также в рамках церемонии специальные благодарности Минспорта России были вручены организаторам крупных международных мероприятий, прошедших в России: Игр Паралимпийцев «Мы вместе. Спорт», Международных спортивных игр «Дети Азии», Международных соревнований «Игры дружбы» и Международного фестиваля интеллектуальных видов спорта «Сильные фигуры». 
 
 
 
 В концертной части церемонии выступили Дима Билан, Полина Гагарина, Денис Клявер, Гарик Бурито, Ёлка и детский коллектив «Домисолька». 
 
 
 
 
 
 Ведущими церемонии стали Дмитрий Губерниев и Эмма Гаджиева. 
 
 
 
 Генеральным спонсором Национальной спортивной премии является компания «Столото» – крупнейший распространитель всероссийских государственных лотерей. Государственные лотереи под брендом «Столото» – значимый источник пополнения бюджета России. Средства идут на социально значимые объекты и мероприятия, в том числе мероприятия по развитию физической культуры и спорта, спорта высших достижений и системы подготовки спортивного резерва. Объём отчислений и сборов общим накопительным итогом на конец первого полугодия 2022 года превысил 41,2 млрд рублей. 
 
 
 
 Таким образом, лотереи под брендом «Столото» вносят соразмерный вклад в улучшение качества жизни россиян. В рамках своей программы корпоративной социальной ответственности «Столото» системно поддерживает более 20 российских спортивных и благотворительных проектов различного масштаба. «Столото» входит в многопрофильный российский холдинг S8 Capital, объединяющий промышленные и высокотехнологические активы из разных секторов экономики: от производства и строительства до медиа, игровых платформ и аналитических сервисов. В общей сложности в структурах холдинга работают более 7000 специалистов. 
 
 
 
 Партнёром Национальной спортивной премии является Банк ВТБ – международная финансовая группа, предоставляющая широкий спектр финансово-банковских услуг. В России ВТБ обеспечивает весь спектр банковских услуг через разветвлённую региональную сеть. Дочерние организации группы оказывают услуги по лизингу, факторингу и другие финансовые сервисы и продукты. Основным акционером ВТБ является Правительство Российской Федерации.
 
 
 
 
 
 
 
 
 
 Фото: Олег Лазарев
 
 
 
 
 Пресс-служба Минспорта России",https://www.minsport.gov.ru/press-centre/news/38261/,"Wed, 14 Dec 2022 20:30:00 +0300",Новости
113,Лауреаты Национальной спортивной премии 2022 будут объявлены 14 декабря,"Обладатели Национальной спортивной премии 2022 будут названы на торжественной церемонии награждения, которая состоится 14 декабря во Дворце гимнастики Ирины Винер.
 
 
 
 
 
Победители Национальной спортивной премии определяются в несколько этапов. Первый этап отбора лауреатов прошёл в формате всероссийских конкурсов по номинациям в сфере физической культуры и спорта. Члены конкурсных комиссий рассмотрели заявки и определили по три финалиста в каждой из 18 номинаций. На втором этапе Экспертным советом определены лауреаты. В состав Экспертного совета входят известные спортсмены, тренеры, политики и деятели культуры России.
 

 


В этом году в число номинантов вошли трёхкратный олимпийский чемпион по лыжным гонкам Александр Большунов, двукратная олимпийская чемпионка по пулевой стрельбе Виталина Бацарашкина, олимпийская чемпионка по фигурному катанию Анна Щербакова, заслуженные тренеры СССР и России Татьяна Тарасова, Андрей Родионенко, Виктор Маматов и многие другие.
 
 
 
 
 
Комиссия рассмотрела более 150 заявок из разных уголков страны, путем голосования Экспертный совет выбрал 18 победителей. Каждый лауреат получит премию в 1 млн рублей.
 
 
 
 
 
В рамках премии будет вручена специальная награда генерального партнёра премии – крупнейшего распространителя всероссийских государственных лотерей «Столото» – по итогам голосования за лучшего спортсмена Всероссийской спартакиады по летним видам спорта среди сильнейших спортсменов 2022. Победитель, набравший наиболее число голосов, будет объявлен на сцене под аплодисменты гостей.
 
 
 
 
 
Национальная спортивная премия учреждена Правительством Российской Федерации в 2010 году в целях стимулирования профессиональной деятельности спортсменов, тренеров и специалистов в области физической культуры и спорта.
 
 
 
 
 
В разные годы лауреатами премии становились прославленные спортсмены, тренеры и общественные деятели России. Чаще всего награду получали представители биатлона и лёгкой атлетики, а в 2017 году победителем в номинации «Спортивная солидарность» стал Министр спорта Российской Федерации Олег Матыцин.
 
 
 
 
 
За объявлением лауреатов премии в режиме онлайн можно следить в официальных аккаунтах Минспорта России.
 
 
 
 
 
Генеральным спонсором Национальной спортивной премии является бренд «Столото» – крупнейший распространитель всероссийских государственных лотерей. Государственные лотереи под брендом «Столото» – значимый источник пополнения бюджета России, средства идут на социально значимые объекты и мероприятия, в том числе мероприятия по развитию физической культуры и спорта, спорта высших достижений и системы подготовки спортивного резерва. Объём отчислений и сборов общим накопительным итогом на конец первого полугодия 2022 года превысил 41,2 млрд рублей. Таким образом, лотереи под брендом «Столото» вносят соразмерный вклад в улучшение качества жизни россиян.
 
 
 
 
 
В рамках своей программы корпоративной социальной ответственности «Столото» системно поддерживает более 20 российских спортивных и благотворительных проектов различного масштаба.
 
 
 
 
 
Партнером Национальной спортивной премии является Банк ВТБ – международная финансовая группа, предоставляющая широкий спектр финансово-банковских услуг. В России ВТБ предоставляет весь спектр банковских услуг через разветвлённую региональную сеть. Дочерние организации Группы предоставляют услуги по лизингу, факторингу и другие финансовые сервисы и продукты. Основным акционером ВТБ является Правительство Российской Федерации.
 
 
 
 
 
 
 
 
 
Пресс-служба Минспорта России",https://www.minsport.gov.ru/press-centre/news/38246/,"Tue, 13 Dec 2022 18:00:00 +0300",Новости
122,"«Мы не одни»: профессор Межевич рассказал, как Россия и Белоруссия борются с западными санкциями","Научный сотрудник Института Европы РАН, президент Российской ассоциации прибалтийских исследований (РАПИ), профессор СПбГУ Николай Межевич рассказал, как России и Белоруссии удается бороться с западными санкциями, пишет Федеральное агентство новостей.",https://potokmedia.ru/news/453385/my-ne-odni-professor-mezhevich-rasskazal-kak-rossiya-i-belorussiya-borjutsya-s-zapadnymi-sankciyami/,"Wed, 21 Dec 2022 08:21:00 +0000",новости
124,"Банк «Открытие»: в 2023 году ипотечных кредитов на новостройки будет выдано больше, чем в 2022-м","15 декабря президент России объявил о планах продлить государственную программу субсидирования ипотеки на новостройки до середины 2024 года, пусть и с повышенной ставкой 8%.",https://potokmedia.ru/news/453396/strong-bank-otkrytie-v-2023-godu-ipotechnyh-kreditov-na-novostrojki-budet-vydano-bolshe-chem-v-2022-m-strong/,"Wed, 21 Dec 2022 07:41:00 +0000",новости
128,Оборот рынка хвойных новогодних деревьев в России достигнет 12 млрд. рублей,"По мнению экспертов Россельхозбанка, объем заготовки живых российских елей вырастет на 15-20% в текущем новогоднем сезоне до 420 тыс. деревьев, а оборот рынка достигнет 12 млрд рублей.",https://potokmedia.ru/news/453365/strong-oborot-rynka-hvojnyh-novogodnih-derevev-v-rossii-dostignet-12-mlrd-rublej-strong/,"Wed, 21 Dec 2022 06:21:00 +0000",новости
130,Борис Листов рассказал о роли РСХБ в наращивании кадрового потенциала агропромышленного комплекса,"Председатель Правления Россельхозбанка Борис Листов выступил на Всероссийском совещании с ректорами образовательных организаций высшего образования, подведомственных Минсельхозу России.",https://potokmedia.ru/news/453369/boris-listov-rasskazal-o-roli-rshb-v-narashhivanii-kadrovogo-potenciala-agropromyshlennogo-kompleksa/,"Wed, 21 Dec 2022 05:41:00 +0000",новости
135,Петр Колтыпин и Юрий Зайцев обсудили реализацию проектов по развитию Республики Марий Эл,"20 декабря вице-президент, председатель Волго-Вятского банка ПАО Сбербанк Петр Колтыпин и глава Республики Марий Эл Юрий Зайцев провели рабочую встречу. Обсуждались вопросы развития экономики и социальной сферы Республики.",https://potokmedia.ru/news/453224/strong-petr-koltypin-i-jurij-zajcev-obsudili-realizaciju-proektov-po-razvitiju-respubliki-marij-el-strong/,"Tue, 20 Dec 2022 14:01:00 +0000",новости
138,ВТБ Private Banking стал лауреатом премии Wealth Navigator Awards 2022,Команда ВТБ Private Banking стала обладателем ежегодной премии представителей частного банковского обслуживания и управления большими капиталами Wealth Navigator Awards 2022.,https://potokmedia.ru/news/453190/strong-vtb-private-banking-stal-laureatom-premii-wealth-navigator-awards-2022-strong/,"Tue, 20 Dec 2022 12:41:00 +0000",новости
139,Петр Колтыпин принял участие в запуске снегоплавильной установки в Йошкар-Оле,На территории аппарата банка отделения Сбербанка в Марий Эл заработала первая в Йошкар-Оле мобильная снегоплавильная установка «VULKAN-20М».,https://potokmedia.ru/news/453183/strong-petr-koltypin-prinyal-uchastie-v-zapuske-snegoplavilnoj-ustanovki-v-joshkar-ole-strong/,"Tue, 20 Dec 2022 12:21:00 +0000",новости
142,Банк «Открытие»: котировки вернулись к росту,"Даниил Каримов, аналитик сектора металлургии аналитического управления «Открытие Research» банка «Открытие».",https://potokmedia.ru/news/453151/strong-bank-otkrytie-kotirovki-stali-vernulis-k-rostu-strong/,"Tue, 20 Dec 2022 11:21:00 +0000",новости
145,Сбербанк и Марийский государственный университет подписали соглашение о стратегическом партнерстве,"Вице-президент, председатель Волго-Вятского банка ПАО Сбербанк Петр Колтыпин и ректор Марийского государственного университета Михаил Швецов подписали соглашение о стратегическом партнерстве.",https://potokmedia.ru/news/453065/strong-sberbank-i-marijskij-gosudarstvennyj-universitet-podpisali-soglashenie-o-strategicheskom-partnerstve-strong/,"Tue, 20 Dec 2022 10:21:00 +0000",новости
147,Отраслевыми решениями Сбербанка для бизнеса воспользовалось более 70 тысяч предпринимателей,Отраслевыми решениями Сбербанка для бизнеса воспользовалось более 70 тысяч предпринимателей.,https://potokmedia.ru/news/453050/strong-otraslevymi-resheniyami-sberbanka-dlya-biznesa-vospolzovalos-bolee-70-tysyach-predprinimatelej-strong/,"Tue, 20 Dec 2022 09:41:00 +0000",новости
224,Дмитрий Вольвач: за 9 месяцев 2022 года рост взаимной торговли России со странами ЕАЭС превысил 57 млрд долларов,,https://economy.gov.ru/material/news/dmitriy_volvach_za_9_mesyacev_2022_goda_rost_vzaimnoy_torgovli_rossii_so_stranami_eaes_prevysil_57_mlrd_dollarov.html,"Tue, 29 Nov 2022 09:31:20 +0300",не указана
245,"Россия и Азербайджан реализуют совместные проекты на 7,5 млрд долларов",,https://economy.gov.ru/material/news/rossiya_i_azerbaydzhan_realizuyut_sovmestnye_proekty_na_75_mlrd_dollarov.html,"Tue, 22 Nov 2022 11:24:00 +0300",не указана
257,Всемирный банк признал Россию лидером в области цифровизации госуправления,,https://economy.gov.ru/material/news/vsemirnyy_bank_priznal_rossiyu_liderom_v_oblasti_cifrovizacii_gosupravleniya.html,"Wed, 16 Nov 2022 17:30:00 +0300",не указана
258,Минэкономразвития предложило повысить доступность процедуры внесудебного банкротства для незащищенных категорий граждан,,https://economy.gov.ru/material/news/minekonomrazvitiya_predlozhilo_povysit_dostupnost_procedury_vnesudebnogo_bankrotstva_dlya_nezashchishchennyh_kategoriy_grazhdan.html,"Wed, 16 Nov 2022 16:58:06 +0300",не указана
288,"Россия и Китай планируют проинвестировать в совместные проекты еще 1,3 млрд долларов",,https://economy.gov.ru/material/news/rossiya_i_kitay_planiruyut_proinvestirovat_v_sovmestnye_proekty_eshche_13_mlrd_dollarov.html,"Tue, 08 Nov 2022 15:13:46 +0300",не указана
321,"МСП Банк предоставил предпринимателям Северного Кавказа по госпрограмме более 2,5 млрд рублей",,https://economy.gov.ru/material/news/msp_bank_predostavil_predprinimatelyam_severnogo_kavkaza_po_gosprogramme_bolee_25_mlrd_rubley.html,"Fri, 28 Oct 2022 14:00:00 +0300",не указана
349,Полина Крючкова: госпрограмма «Экономическое развитие и инновационная экономика» нацелена на стимулирование частных инвестиций,,https://economy.gov.ru/material/news/polina_kryuchkova_gosprogramma_ekonomicheskoe_razvitie_i_innovacionnaya_ekonomika_nacelena_na_stimulirovanie_chastnyh_investiciy.html,"Fri, 21 Oct 2022 17:31:28 +0300",не указана
367,Внешнеторговый оборот России со странами СНГ за восемь месяцев 2022 года составил 63 млрд долларов,,https://economy.gov.ru/material/news/vneshnetorgovyy_oborot_rossii_so_stranami_sng_za_vosem_mesyacev_2022_goda_sostavil_63_mlrd_dollarov.html,"Fri, 14 Oct 2022 17:19:00 +0300",не указана
371,Закон о банкротстве дополнят критериями вероятности внештатных ситуаций на опасных предприятиях-банкротах,,https://economy.gov.ru/material/news/zakon_o_bankrotstve_dopolnyat_kriteriyami_veroyatnosti_vneshtatnyh_situaciy_na_opasnyh_predpriyatiyah_bankrotah.html,"Thu, 13 Oct 2022 14:41:00 +0300",не указана
373,Перечень банков-участников программы компенсации за использование СБП расширился,,https://economy.gov.ru/material/news/perechen_bankov_uchastnikov_programmy_kompensacii_za_ispolzovanie_sbp_rasshirilsya.html,"Wed, 12 Oct 2022 20:18:00 +0300",не указана
